{"cameraMode":{"drawMode":0,"name":"Shaded","section":"Shading Mode"},"sceneLighting":true,"audioPlay":false,"sceneViewState":{"m_AlwaysRefresh":false,"showFog":true,"showSkybox":true,"showFlares":true,"showImageEffects":true,"showParticleSystems":true,"showVisualEffectGraphs":true,"m_FxEnabled":false},"in2DMode":false,"pivot":{"x":-1.4915087223052979,"y":3.5364935398101808,"z":2.3343491554260256},"rotation":{"x":0.17672882974147798,"y":0.15723024308681489,"z":-0.028611276298761369,"w":0.9712009429931641},"size":8.187865257263184,"orthographic":false}