{"cameraMode":{"drawMode":0,"name":"Shaded","section":"Shading Mode"},"sceneLighting":true,"audioPlay":false,"sceneViewState":{"m_AlwaysRefresh":false,"showFog":true,"showSkybox":true,"showFlares":true,"showImageEffects":true,"showParticleSystems":true,"showVisualEffectGraphs":true,"m_FxEnabled":true},"in2DMode":false,"pivot":{"x":-0.692713737487793,"y":2.681617498397827,"z":-2.376943826675415},"rotation":{"x":-0.20930039882659913,"y":-0.020262666046619417,"z":0.004337840713560581,"w":-0.9776697158813477},"size":3.2660250663757326,"orthographic":false}